код;текст
1000;Ниско застрояване (до 10 m)
1010;Средно застрояване (от 10 до 15 m)
1020;Високо застрояване (над 15 m)
1030;Комплексно застрояване
1040;Незастроен имот за жилищни нужди
1050;За друг вид застрояване
1100;За обект комплекс за здравеопазване
1110;За обект комплекс за образование
1120;За обект комплекс за култура и изкуство
1130;За обект комплекс за социални грижи
1140;За административна сграда, комплекс
1150;За обект за детско заведение
1160;За търговски обект, комплекс
1170;За обект комплекс за битови услуги
1180;За обект комплекс за научна и проектантска дейност
1190;За култова, религиозна сграда, комплекс
1200;Незастроен имот за обществена сграда, комплекс
1210;За друг обществен обект, комплекс
1300;Обществен селищен парк, градина
1310;Обществен извънселищен парк, горски парк
1320;Дендрариум
1330;Ботаническа градина
1340;Зоологическа градина
1350;Гробищен парк
1360;За защитно и изолационно озеленяване
1370;За друг вид озеленени площи
1400;Стадион
1410;За спортна зала
1420;Спортно игрище
1430;За трасета за вело- и мотоспорт
1440;Ски писта
1450;За съоръжения за зимни спортове
1460;За ловна база и стрелбище
1470;За водна спортна база
1480;За плувен басейн
1490;Незастроен имот за спортен обект
1500;За други видове спорт
1600;За вилна сграда
1610;За земеделски труд и отдих (съгласно § 4 от ПЗР на ЗСПЗЗ)
1620;За почивен лагер
1630;За туристическа база, хижа
1640;За санаториум, балнеосанаториум, профилакториум
1650;За курортен хотел, почивен дом
1660;За къмпинг, мотел
1670;Незастроен имот за курортно-рекреационен обект
1680;За друг курортно-рекреационен обект
1685;Застроен имот в земеделска територия
1690;Застроен имот в горска територия
1700;За електроенергийното производство
1710;За топлоенергийното производство
1720;За друго производство на продукти от нефт, въглища, газ, шисти
1730;За черната и цветната металургия
1740;За машиностроителната и машинообработващата промишленост
1750;За химическата и каучуковата промишленост
1760;За дърводобивната и дървообработващата промишленост
1770;За целулозно-хартиената промишленост
1780;За производството на строителни материали, конструкции и изделия
1790;За производството на стъкло
1800;За текстилната промишленост
1810;За шивашката промишленост
1820;За кожарската, кожухарската и обувната промишленост
1830;За хранително-вкусовата промишленост
1840;За полиграфическата промишленост
1850;За складова база
1860;За база за селскостопанска или горскостопанска техника
1870;За ветеринарна лечебница
1880;За стопански двор
1890;За животновъден комплекс
1900;За животновъдна ферма
1910;Незастроен имот за производствен, складов обект
1920;За друг вид производствен, складов обект
1930;Незастроен имот
2000;За археологически паметник на културата
2010;За архитектурен паметник на културата
2020;За исторически паметник, историческо място
2030;За паметник на изобразителното и приложното изкуство
2040;За друг имот на културно-историческото наследство
2100;За първостепенна улица
2110;За второстепенна улица
2120;За алея
2130;За кръстовище
2140;За площад
2150;За паркинг
2160;За вход на пешеходен подлез, метро
2170;За линии на релсов транспорт
2180;За депо за релсов транспорт
2190;За автогараж
2200;За автомагистрала
2210;За път от републиканската пътна мрежа
2220;За местен път
2230;За селскостопански, горски, ведомствен път
2240;За автогара, автоспирка
2250;За бензиностанция, газостанция, метанстанция
2260;За летище, аерогара
2270;За железопътна гара, спирка
2280;За ремонт и поддържане на транспортни средства
2290;За пристанище
2300;За въжена линия
2310;За друг поземлен имот за движение и транспорт
2400;За съоръжение на водопровод
2410;За съоръжение на канализация
2420;За съоръжение на електропровод
2430;За съоръжение на нефтопровод
2440;За съоръжение на газопровод
2450;За съоръжение на топлофикационен провод
2460;За съоръжение на съобщителен провод
2470;За съоръжение на друг вид провод
2471;За съоръжение за превантивна защита
2472;За друг вид изкуствен ресурс за превантивна защита
2500;Нива
2510;Зеленчукова градина
2520;Оризище
2530;Оранжерия с трайна конструкция
2540;Дивечова нива
2550;Неизползвана нива (угар, орница)
2560;Изоставена орна земя
2570;Друг вид нива
2580;Изоставена нива
2600;Овощна градина
2610;Лозе
2620;Етерично-маслодайна култура
2630;Хмелници
2640;Разсадник
2650;Изоставено трайно насаждение
2660;Друг вид трайно насаждение
2700;Ливада
2710;Неизползвана ливада
2720;Изоставена ливада
2730;Друг вид ливада
2800;Пасище
2810;Мера
2820;Високопланинско пасище
2830;Друг вид земеделска земя
2840;Гори и храсти в земеделска земя
2900;Иглолистна гора
2910;Широколистна гора
2920;Смесена гора
2930;Нискостъблена гора
2940;Клек
2950;Друг вид дървопроизводителна гора
3000;Голина
3010;Поляна
3020;Просека
3030;Нелесопригодна площ- дървесна растителност, храсти
3040;Друг вид недървопроизводителна горска площ
3050;Друг вид горски имот
3060;Горски разсадник
3100;Водно течение, река
3110;Езеро
3120;Блато
3130;Мочурище
3140;Язовир
3150;Водоем
3160;Рибарник
3170;Солница
3180;За басейн с резервна вода за промишлено предприятие
3190;Напоителен канал
3200;Отводнителен канал
3210;Плавателен канал
3220;За извор на прясна вода
3230;За извор на минерална вода
3240;За водностопанско, хидромелиоративно съоръжение
3245;За брегоукрепителни и брегозащитни системи и съоръжения за предпазване от вредното въздействие от водите
3246;За дамба
3250;За друг вид водно течение, водна площ, съоръжение
3260;Гранична река
3300;Черноморски териториални води
3301;Крайбрежно езеро
3302;Лагуна
3303;Лиман
3304;Влажна зона
3400;Резерват
3410;Природна забележителност
3420;Поддържан резерват
3430;Защитена местност
3431;Природен парк
3432;Национален парк
3440;Крайбрежна плажна ивица
3441;Морски плаж
3442;Пясъчна дюна
3443;Остров
3450;За находище на лечебна кал
3460;За друг вид естествен ресурс за превантивна защита
3500;За добив на руди
3510;За добив на въглища
3520;За добив на нерудни полезни изкопаеми
3530;За кариера за пясък, чакъл и глини за строителната керамика
3540;За кариера за суровини за строителството и промишлеността в скален масив
3550;Със сгради и съоръжения за добив на полезни изкопаеми
3560;За друг вид обект за добив на полезни изкопаеми
3600;Хвостохранилище
3610;Сгуроотвал
3620;Утаител
3630;Депо за индустриални отпадъци
3640;Депо за вторични суровини
3650;Депо за битови отпадъци (сметище)
3660;Депо за хумус
3670;Насип, насипище
3680;За друг вид отпадъци
3700;Деградирала орна земя
3710;Деградирало трайно насаждение
3720;Деградирала ливада
3730;Друг вид деградирала земя
3800;За склад на държавния резерв
3810;За друг вид имот със специално предназначение и ползване
3900;Скали
3910;Пясъци
3920;Сипей
3930;Дере
3940;Овраг, промойна
3950;Ями
3960;Друг вид поземлен имот без определено стопанско предназначение
4000;Поземлен имот със смесен начин на трайно ползване
4100;Поземлен имот с недефиниран начин на трайно ползване
